scenario,corner,agent,score,rank
S1,prod,hc_v6,4.51415,7
S1,prod,ft_quality,12.4713,15
S1,prod,topsis,2.52487,3
S1,prod,shortest_processing,3.32823,5
S1,prod,reserve_specialist,2.18057,2
S1,prod,shortest_queue,10.7498,12
S1,prod,least_fatigued,10.7498,12
S1,prod,round_robin,11.3236,14
S1,prod,least_busy,7.15379,9
S1,prod,train_weakest,5.70008,8
S1,prod,random,2.0658,1
S1,prod,optimal_assignment,3.06044,4
S1,prod,a2c_mlp,8.41622,11
S1,prod,grpo_mlp,7.26855,10
S1,prod,dql_mlp,4.39939,6
S1,mttr_mean,hc_v6,2.12669,7
S1,mttr_mean,ft_quality,9.25203,12
S1,mttr_mean,topsis,3.07879,9
S1,mttr_mean,shortest_processing,1.58174,4
S1,mttr_mean,reserve_specialist,2.2592,8
S1,mttr_mean,shortest_queue,11.8881,14
S1,mttr_mean,least_fatigued,11.8881,14
S1,mttr_mean,round_robin,10.7506,13
S1,mttr_mean,least_busy,0,1
S1,mttr_mean,train_weakest,1.59726,5
S1,mttr_mean,random,4.47709,11
S1,mttr_mean,optimal_assignment,1.68061,6
S1,mttr_mean,a2c_mlp,0.795488,3
S1,mttr_mean,grpo_mlp,0.10121,2
S1,mttr_mean,dql_mlp,3.36678,10
S1,disr,hc_v6,17.45,11
S1,disr,ft_quality,17.6646,13
S1,disr,topsis,12.3068,5
S1,disr,shortest_processing,16.4464,10
S1,disr,reserve_specialist,12.9197,6
S1,disr,shortest_queue,15.8686,7
S1,disr,least_fatigued,15.8686,7
S1,disr,round_robin,21.2259,15
S1,disr,least_busy,0,1
S1,disr,train_weakest,7.57217,4
S1,disr,random,17.5348,12
S1,disr,optimal_assignment,18.1594,14
S1,disr,a2c_mlp,5.68588,3
S1,disr,grpo_mlp,2.25082,2
S1,disr,dql_mlp,16.4247,9
S1,know,hc_v6,0.496055,7
S1,know,ft_quality,1.87549,10
S1,know,topsis,0.0100507,2
S1,know,shortest_processing,0.287571,6
S1,know,reserve_specialist,0,1
S1,know,shortest_queue,2.25256,12
S1,know,least_fatigued,2.25256,12
S1,know,round_robin,3.01523,15
S1,know,least_busy,2.16495,11
S1,know,train_weakest,0.848797,8
S1,know,random,0.0974653,4
S1,know,optimal_assignment,0.265832,5
S1,know,a2c_mlp,2.47924,14
S1,know,grpo_mlp,1.73086,9
S1,know,dql_mlp,0.0716776,3
S2,prod,hc_v6,1.18049,1
S2,prod,ft_quality,12.1156,8
S2,prod,topsis,2.35063,2
S2,prod,shortest_processing,5.42612,3
S2,prod,reserve_specialist,6.36844,7
S2,prod,shortest_queue,6.27524,5
S2,prod,least_fatigued,6.27524,5
S2,prod,round_robin,13.5653,9
S2,prod,least_busy,26.0329,12
S2,prod,train_weakest,42.5391,15
S2,prod,random,13.8035,10
S2,prod,optimal_assignment,5.42612,3
S2,prod,a2c_mlp,27.0788,13
S2,prod,grpo_mlp,27.1409,14
S2,prod,dql_mlp,18.018,11
S2,mttr_mean,hc_v6,3.28749,6
S2,mttr_mean,ft_quality,12.1195,12
S2,mttr_mean,topsis,1.94766,4
S2,mttr_mean,shortest_processing,0,1
S2,mttr_mean,reserve_specialist,4.03793,7
S2,mttr_mean,shortest_queue,9.74647,8
S2,mttr_mean,least_fatigued,9.74647,8
S2,mttr_mean,round_robin,10.2608,11
S2,mttr_mean,least_busy,1.51911,3
S2,mttr_mean,train_weakest,24.9831,15
S2,mttr_mean,random,16.1944,14
S2,mttr_mean,optimal_assignment,0,1
S2,mttr_mean,a2c_mlp,3.16595,5
S2,mttr_mean,grpo_mlp,9.95516,10
S2,mttr_mean,dql_mlp,13.1693,13
S2,disr,hc_v6,19.4646,6
S2,disr,ft_quality,28.9627,12
S2,disr,topsis,22.8485,10
S2,disr,shortest_processing,0,1
S2,disr,reserve_specialist,26.2982,11
S2,disr,shortest_queue,22.5325,8
S2,disr,least_fatigued,22.5325,8
S2,disr,round_robin,33.2734,13
S2,disr,least_busy,14.5648,5
S2,disr,train_weakest,40.8386,15
S2,disr,random,38.9385,14
S2,disr,optimal_assignment,0,1
S2,disr,a2c_mlp,22.1938,7
S2,disr,grpo_mlp,14.31,4
S2,disr,dql_mlp,13.095,3
S2,know,hc_v6,0.347093,1
S2,know,ft_quality,5.02391,6
S2,know,topsis,2.88913,4
S2,know,shortest_processing,6.28238,9
S2,know,reserve_specialist,8.48173,12
S2,know,shortest_queue,2.76621,2
S2,know,least_fatigued,2.76621,2
S2,know,round_robin,5.711,7
S2,know,least_busy,8.5251,13
S2,know,train_weakest,22.2554,15
S2,know,random,3.30572,5
S2,know,optimal_assignment,6.28238,9
S2,know,a2c_mlp,7.02906,11
S2,know,grpo_mlp,9.84284,14
S2,know,dql_mlp,6.14497,8
S3,prod,hc_v6,2.84303,4
S3,prod,ft_quality,0,1
S3,prod,topsis,1.3467,2
S3,prod,shortest_processing,1.49633,3
S3,prod,reserve_specialist,9.00793,6
S3,prod,shortest_queue,45.324,14
S3,prod,least_fatigued,45.324,14
S3,prod,round_robin,8.2448,5
S3,prod,least_busy,29.6873,12
S3,prod,train_weakest,31.5427,13
S3,prod,random,26.5599,11
S3,prod,optimal_assignment,20.7093,7
S3,prod,a2c_mlp,25.9764,10
S3,prod,grpo_mlp,24.7494,9
S3,prod,dql_mlp,22.9089,8
S3,mttr_mean,hc_v6,4.35227,6
S3,mttr_mean,ft_quality,0.194735,2
S3,mttr_mean,topsis,2.59764,4
S3,mttr_mean,shortest_processing,0.627838,3
S3,mttr_mean,reserve_specialist,3.18924,5
S3,mttr_mean,shortest_queue,19.6588,8
S3,mttr_mean,least_fatigued,19.6588,8
S3,mttr_mean,round_robin,18.9318,7
S3,mttr_mean,least_busy,27.0153,13
S3,mttr_mean,train_weakest,37.9782,15
S3,mttr_mean,random,23.7006,11
S3,mttr_mean,optimal_assignment,0,1
S3,mttr_mean,a2c_mlp,24.1206,12
S3,mttr_mean,grpo_mlp,28.3307,14
S3,mttr_mean,dql_mlp,21.7232,10
S3,disr,hc_v6,6.04451,3
S3,disr,ft_quality,1.51364,2
S3,disr,topsis,0,1
S3,disr,shortest_processing,10.7217,4
S3,disr,reserve_specialist,22.1568,5
S3,disr,shortest_queue,53.6997,8
S3,disr,least_fatigued,53.6997,8
S3,disr,round_robin,31.1476,7
S3,disr,least_busy,92.3773,14
S3,disr,train_weakest,102.062,15
S3,disr,random,57.35,10
S3,disr,optimal_assignment,29.434,6
S3,disr,a2c_mlp,79.2554,12
S3,disr,grpo_mlp,83.2506,13
S3,disr,dql_mlp,75.4992,11
S3,know,hc_v6,0.368928,3
S3,know,ft_quality,0.136235,1
S3,know,topsis,2.24569,5
S3,know,shortest_processing,0.361141,2
S3,know,reserve_specialist,8.07996,14
S3,know,shortest_queue,7.33159,12
S3,know,least_fatigued,7.33159,12
S3,know,round_robin,2.33662,6
S3,know,least_busy,7.25666,11
S3,know,train_weakest,10.4235,15
S3,know,random,6.5375,10
S3,know,optimal_assignment,1.60765,4
S3,know,a2c_mlp,4.01405,7
S3,know,grpo_mlp,5.11253,8
S3,know,dql_mlp,5.2001,9
S4,prod,hc_v6,2.45337,2
S4,prod,ft_quality,0,1
S4,prod,topsis,9.75511,3
S4,prod,shortest_processing,13.2096,4
S4,prod,reserve_specialist,31.8354,13
S4,prod,shortest_queue,25.9328,9
S4,prod,least_fatigued,25.9328,9
S4,prod,round_robin,23.1965,7
S4,prod,least_busy,34.9848,14
S4,prod,train_weakest,35.4677,15
S4,prod,random,28.2951,12
S4,prod,optimal_assignment,14.9431,5
S4,prod,a2c_mlp,22.1378,6
S4,prod,grpo_mlp,24.478,8
S4,prod,dql_mlp,26.5652,11
S4,mttr_mean,hc_v6,5.22937,6
S4,mttr_mean,ft_quality,4.33066,5
S4,mttr_mean,topsis,0,1
S4,mttr_mean,shortest_processing,1.18585,2
S4,mttr_mean,reserve_specialist,1.95792,4
S4,mttr_mean,shortest_queue,11.6926,7
S4,mttr_mean,least_fatigued,11.6926,7
S4,mttr_mean,round_robin,19.435,9
S4,mttr_mean,least_busy,30.3973,14
S4,mttr_mean,train_weakest,36.0076,15
S4,mttr_mean,random,21.2045,10
S4,mttr_mean,optimal_assignment,1.41121,3
S4,mttr_mean,a2c_mlp,24.288,11
S4,mttr_mean,grpo_mlp,28.6668,13
S4,mttr_mean,dql_mlp,26.2337,12
S4,disr,hc_v6,6.51393,3
S4,disr,ft_quality,2.22395,2
S4,disr,topsis,0,1
S4,disr,shortest_processing,16.5125,4
S4,disr,reserve_specialist,52.9299,9
S4,disr,shortest_queue,17.8662,6
S4,disr,least_fatigued,17.8662,6
S4,disr,round_robin,39.167,8
S4,disr,least_busy,101.407,14
S4,disr,train_weakest,102.174,15
S4,disr,random,59.3042,10
S4,disr,optimal_assignment,17.3253,5
S4,disr,a2c_mlp,70.3378,11
S4,disr,grpo_mlp,78.5101,13
S4,disr,dql_mlp,77.3868,12
S4,know,hc_v6,0.614344,1
S4,know,ft_quality,0.804384,2
S4,know,topsis,5.85663,7
S4,know,shortest_processing,4.6631,6
S4,know,reserve_specialist,23.7757,14
S4,know,shortest_queue,3.67969,4
S4,know,least_fatigued,3.67969,4
S4,know,round_robin,11.9345,9
S4,know,least_busy,17.0352,12
S4,know,train_weakest,31.9252,15
S4,know,random,12.7694,10
S4,know,optimal_assignment,6.74753,8
S4,know,a2c_mlp,3.63878,3
S4,know,grpo_mlp,13.9913,11
S4,know,dql_mlp,17.8976,13
S5,prod,hc_v6,3.8385,2
S5,prod,ft_quality,0.202198,1
S5,prod,topsis,12.4026,5
S5,prod,shortest_processing,5.2278,3
S5,prod,reserve_specialist,28.5393,14
S5,prod,shortest_queue,13.0124,6
S5,prod,least_fatigued,13.0124,6
S5,prod,round_robin,18.7033,9
S5,prod,least_busy,26.8499,13
S5,prod,train_weakest,42.504,15
S5,prod,random,16.2998,8
S5,prod,optimal_assignment,5.2278,3
S5,prod,a2c_mlp,25.9205,11
S5,prod,grpo_mlp,26.4716,12
S5,prod,dql_mlp,25.4117,10
S5,mttr_mean,hc_v6,3.8357,5
S5,mttr_mean,ft_quality,1.65824,4
S5,mttr_mean,topsis,1.53942,3
S5,mttr_mean,shortest_processing,0,1
S5,mttr_mean,reserve_specialist,16.0623,10
S5,mttr_mean,shortest_queue,5.70525,6
S5,mttr_mean,least_fatigued,5.70525,6
S5,mttr_mean,round_robin,11.9538,8
S5,mttr_mean,least_busy,19.8327,14
S5,mttr_mean,train_weakest,25.704,15
S5,mttr_mean,random,14.7392,9
S5,mttr_mean,optimal_assignment,0,1
S5,mttr_mean,a2c_mlp,19.5175,13
S5,mttr_mean,grpo_mlp,19.4767,12
S5,mttr_mean,dql_mlp,18.7494,11
S5,disr,hc_v6,6.41278,3
S5,disr,ft_quality,0,1
S5,disr,topsis,5.53395,2
S5,disr,shortest_processing,8.69929,6
S5,disr,reserve_specialist,69.0567,10
S5,disr,shortest_queue,8.24738,4
S5,disr,least_fatigued,8.24738,4
S5,disr,round_robin,35.3205,8
S5,disr,least_busy,90.591,14
S5,disr,train_weakest,144.397,15
S5,disr,random,41.5237,9
S5,disr,optimal_assignment,8.69929,6
S5,disr,a2c_mlp,87.318,13
S5,disr,grpo_mlp,85.9382,12
S5,disr,dql_mlp,83.1885,11
S5,know,hc_v6,1.11472,1
S5,know,ft_quality,1.63506,2
S5,know,topsis,6.2346,7
S5,know,shortest_processing,5.62757,5
S5,know,reserve_specialist,18.3413,14
S5,know,shortest_queue,3.79276,3
S5,know,least_fatigued,3.79276,3
S5,know,round_robin,11.7588,10
S5,know,least_busy,6.78583,8
S5,know,train_weakest,23.7239,15
S5,know,random,9.82858,9
S5,know,optimal_assignment,5.62757,5
S5,know,a2c_mlp,12.2487,12
S5,know,grpo_mlp,12.1643,11
S5,know,dql_mlp,14.9738,13
Overall,prod,hc_v6,2.96591,1
Overall,prod,ft_quality,4.95781,2
Overall,prod,topsis,5.67597,3
Overall,prod,shortest_processing,5.73762,4
Overall,prod,reserve_specialist,15.5863,7
Overall,prod,shortest_queue,20.2589,10
Overall,prod,least_fatigued,20.2589,10
Overall,prod,round_robin,15.0067,6
Overall,prod,least_busy,24.9418,14
Overall,prod,train_weakest,31.5507,15
Overall,prod,random,17.4048,8
Overall,prod,optimal_assignment,9.87334,5
Overall,prod,a2c_mlp,21.9059,12
Overall,prod,grpo_mlp,22.0217,13
Overall,prod,dql_mlp,19.4606,9
Overall,mttr_mean,hc_v6,3.7663,4
Overall,mttr_mean,ft_quality,5.51103,6
Overall,mttr_mean,topsis,1.8327,3
Overall,mttr_mean,shortest_processing,0.679084,2
Overall,mttr_mean,reserve_specialist,5.50131,5
Overall,mttr_mean,shortest_queue,11.7382,7
Overall,mttr_mean,least_fatigued,11.7382,7
Overall,mttr_mean,round_robin,14.2664,9
Overall,mttr_mean,least_busy,15.7529,11
Overall,mttr_mean,train_weakest,25.254,15
Overall,mttr_mean,random,16.0631,12
Overall,mttr_mean,optimal_assignment,0.618364,1
Overall,mttr_mean,a2c_mlp,14.3775,10
Overall,mttr_mean,grpo_mlp,17.3061,14
Overall,mttr_mean,dql_mlp,16.6485,13
Overall,disr,hc_v6,11.1771,4
Overall,disr,ft_quality,10.073,2
Overall,disr,topsis,8.13785,1
Overall,disr,shortest_processing,10.476,3
Overall,disr,reserve_specialist,36.6723,9
Overall,disr,shortest_queue,23.6429,6
Overall,disr,least_fatigued,23.6429,6
Overall,disr,round_robin,32.0269,8
Overall,disr,least_busy,59.788,14
Overall,disr,train_weakest,79.4088,15
Overall,disr,random,42.9302,10
Overall,disr,optimal_assignment,14.7236,5
Overall,disr,a2c_mlp,52.9582,12
Overall,disr,grpo_mlp,52.852,11
Overall,disr,dql_mlp,53.1189,13
Overall,know,hc_v6,0.588228,1
Overall,know,ft_quality,1.89502,2
Overall,know,topsis,3.44722,4
Overall,know,shortest_processing,3.44435,3
Overall,know,reserve_specialist,11.7357,14
Overall,know,shortest_queue,3.96456,5
Overall,know,least_fatigued,3.96456,5
Overall,know,round_robin,6.95122,10
Overall,know,least_busy,8.35354,11
Overall,know,train_weakest,17.8353,15
Overall,know,random,6.50774,9
Overall,know,optimal_assignment,4.10619,7
Overall,know,a2c_mlp,5.88197,8
Overall,know,grpo_mlp,8.56838,12
Overall,know,dql_mlp,8.85762,13
