agent,scenario,hc_v6,ft_quality,topsis,shortest_processing,reserve_specialist,shortest_queue,least_fatigued,round_robin,least_busy,train_weakest,random,optimal_assignment,a2c_mlp,grpo_mlp,dql_mlp
hc_v6,S1,0,1,0.0348,0,0.00025,0.987,0.987,1,0.131,0.0985,0.4353,0.1545,0.2893,0.1361,0.37185
ft_quality,S1,0,0,0,0,0,0.41655,0.41655,0.94605,5e-05,0,0,0.0008,0.0005,0,0
topsis,S1,0.9652,1,0,0.85255,0.27055,1,1,1,0.25255,0.34975,0.983,0.8805,0.48175,0.2752,1
shortest_processing,S1,1,1,0.14745,0,0.04335,0.9991,0.9991,1,0.20765,0.256,0.8114,0.89325,0.3937,0.22115,0.98085
reserve_specialist,S1,0.99975,1,0.72945,0.95665,0,1,1,1,0.28275,0.41545,0.9994,0.97145,0.5161,0.309,1
shortest_queue,S1,0.013,0.58345,0,0.0009,0,0,0,0.92895,0,0,0.01215,0.02295,0.0001,0,0.001
least_fatigued,S1,0.013,0.58345,0,0.0009,0,0,0,0.92895,0,0,0.01215,0.02295,0.0001,0,0.001
round_robin,S1,0,0.05395,0,0,0,0.07105,0.07105,0,0,0,0,0,0,0,0
least_busy,S1,0.869,0.99995,0.74745,0.79235,0.71725,1,1,1,0,0.82995,0.82175,0.8021,1,0.89485,0.8695
train_weakest,S1,0.9015,1,0.65025,0.744,0.58455,1,1,1,0.17005,0,0.81815,0.7665,0.67435,0.1976,0.90195
random,S1,0.5647,1,0.017,0.1886,0.0006,0.98785,0.98785,1,0.17825,0.18185,0,0.43245,0.30995,0.187,0.45555
optimal_assignment,S1,0.8455,0.9992,0.1195,0.10675,0.02855,0.97705,0.97705,1,0.1979,0.2335,0.56755,0,0.36365,0.21015,0.6776
a2c_mlp,S1,0.7107,0.9995,0.51825,0.6063,0.4839,0.9999,0.9999,1,0,0.32565,0.69005,0.63635,0,0,0.71965
grpo_mlp,S1,0.8639,1,0.7248,0.77885,0.691,1,1,1,0.10515,0.8024,0.813,0.78985,1,0,0.8631
dql_mlp,S1,0.62815,1,0,0.01915,0,0.999,0.999,1,0.1305,0.09805,0.54445,0.3224,0.28035,0.1369,0
hc_v6,S2,0,1,0.9466,0.27585,1,1,1,1,0.909,1,1,0.27585,1,0.9746,0.94255
ft_quality,S2,0,0,0,0.0006,0.0615,0,0,0.8738,0.3533,1,0.978,0.0006,0.4916,0.56955,0.3612
topsis,S2,0.0534,1,0,0.17705,1,0.99565,0.99565,1,0.8344,1,1,0.17705,0.99875,0.9257,0.8652
shortest_processing,S2,0.72415,0.9994,0.82295,0,1,0.9711,0.9711,0.9999,1,1,0.9974,0,1,1,1
reserve_specialist,S2,0,0.9385,0,0,0,0.2912,0.2912,0.9765,0.5563,1,0.9643,0,0.7466,0.7785,0.6272
shortest_queue,S2,0,1,0.00435,0.0289,0.7088,0,0,1,0.64125,1,1,0.0289,0.84415,0.8486,0.7573
least_fatigued,S2,0,1,0.00435,0.0289,0.7088,0,0,1,0.64125,1,1,0.0289,0.84415,0.8486,0.7573
round_robin,S2,0,0.1262,0,0.0001,0.0235,0,0,0,0.2894,1,0.92185,0.0001,0.39585,0.5124,0.29905
least_busy,S2,0.091,0.6467,0.1656,0,0.4437,0.35875,0.35875,0.7106,0,1,0.7711,0,0.95365,0.99915,0.43575
train_weakest,S2,0,0,0,0,0,0,0,0,0,0,0,0,0,0,0
random,S2,0,0.022,0,0.0026,0.0357,0,0,0.07815,0.2289,1,0,0.0026,0.28785,0.365,0.15
optimal_assignment,S2,0.72415,0.9994,0.82295,0,1,0.9711,0.9711,0.9999,1,1,0.9974,0,1,1,1
a2c_mlp,S2,0,0.5084,0.00125,0,0.2534,0.15585,0.15585,0.60415,0.04635,1,0.71215,0,0,0.60415,0.25475
grpo_mlp,S2,0.0254,0.43045,0.0743,0,0.2215,0.1514,0.1514,0.4876,0.00085,1,0.635,0,0.39585,0,0.0879
dql_mlp,S2,0.05745,0.6388,0.1348,0,0.3728,0.2427,0.2427,0.70095,0.56425,1,0.85,0,0.74525,0.9121,0
hc_v6,S3,0,0,0.0684,0.43215,0.99815,1,1,1,1,1,1,0.97445,1,1,1
ft_quality,S3,1,0,0.9135,1,1,1,1,1,1,1,1,1,1,1,1
topsis,S3,0.9316,0.0865,0,0.72845,1,1,1,1,1,1,1,0.98585,1,1,1
shortest_processing,S3,0.56785,0,0.27155,0,1,1,1,1,1,1,1,0.99975,1,1,1
reserve_specialist,S3,0.00185,0,0,0,0,0.9999,0.9999,0.882,0.99995,1,0.9998,0.733,0.9982,0.99935,0.99905
shortest_queue,S3,0,0,0,0,0.0001,0,0,0,0.80605,0.92255,0.28245,0,0.588,0.68105,0.4939
least_fatigued,S3,0,0,0,0,0.0001,0,0,0,0.80605,0.92255,0.28245,0,0.588,0.68105,0.4939
round_robin,S3,0,0,0,0,0.118,1,1,0,1,1,1,0.3312,1,1,1
least_busy,S3,0,0,0,0,5e-05,0.19395,0.19395,0,0,1,0,0,0,0.0103,0
train_weakest,S3,0,0,0,0,0,0.07745,0.07745,0,0,0,0,0,0,0,0
random,S3,0,0,0,0,0.0002,0.71755,0.71755,0,1,1,0,0,0.8877,0.9587,0.69885
optimal_assignment,S3,0.02555,0,0.01415,0.00025,0.267,1,1,0.6688,1,1,1,0,1,1,1
a2c_mlp,S3,0,0,0,0,0.0018,0.412,0.412,0,1,1,0.1123,0,0,0.9718,0.0216
grpo_mlp,S3,0,0,0,0,0.00065,0.31895,0.31895,0,0.9897,1,0.0413,0,0.0282,0,0
dql_mlp,S3,0,0,0,0,0.00095,0.5061,0.5061,0,1,1,0.30115,0,0.9784,1,0
hc_v6,S4,0,0.0004,0.5221,0.9612,0.9989,1,1,1,1,1,1,0.9768,1,1,1
ft_quality,S4,0.9996,0,0.76615,0.984,0.9997,1,1,1,1,1,1,0.99105,1,1,1
topsis,S4,0.4779,0.23385,0,0.99165,1,0.998,0.998,1,1,1,1,1,0.99945,1,1
shortest_processing,S4,0.0388,0.016,0.00835,0,1,0.9977,0.9977,1,1,1,1,1,0.9999,1,1
reserve_specialist,S4,0.0011,0.0003,0,0,0,0.04445,0.04445,0.22185,0.9834,1,0.6889,0,0.61145,0.84805,0.90905
shortest_queue,S4,0,0,0.002,0.0023,0.95555,0,0,0.9937,1,1,1,0.0407,0.9835,0.99995,1
least_fatigued,S4,0,0,0.002,0.0023,0.95555,0,0,0.9937,1,1,1,0.0407,0.9835,0.99995,1
round_robin,S4,0,0,0,0,0.77815,0.0063,0.0063,0,1,1,1,0,0.8489,1,1
least_busy,S4,0,0,0,0,0.0166,0,0,0,0,1,0,0,0,0,0.00035
train_weakest,S4,0,0,0,0,0,0,0,0,0,0,0,0,0,0,0
random,S4,0,0,0,0,0.3111,0,0,0,1,1,0,0,0.4567,0.95645,0.99515
optimal_assignment,S4,0.0232,0.00895,0,0,1,0.9593,0.9593,1,1,1,1,0,0.99825,1,1
a2c_mlp,S4,0,0,0.00055,0.0001,0.38855,0.0165,0.0165,0.1511,1,1,0.5433,0.00175,0,1,1
grpo_mlp,S4,0,0,0,0,0.15195,5e-05,5e-05,0,1,1,0.04355,0,0,0,0.68365
dql_mlp,S4,0,0,0,0,0.09095,0,0,0,0.99965,1,0.00485,0,0,0.31635,0
hc_v6,S5,0,0.00175,0.89975,0.7911,1,1,1,1,1,1,1,0.7911,1,1,1
ft_quality,S5,0.99825,0,1,0.98905,1,1,1,1,1,1,1,0.98905,1,1,1
topsis,S5,0.10025,0,0,0.1735,1,0.8627,0.8627,1,1,1,1,0.1735,1,1,1
shortest_processing,S5,0.2089,0.01095,0.8265,0,1,0.94145,0.94145,1,1,1,1,0,1,1,1
reserve_specialist,S5,0,0,0,0,0,0,0,0,0.69545,1,0,0,0.7587,0.7604,0.76695
shortest_queue,S5,0,0,0.1373,0.05855,1,0,0,1,1,1,1,0.05855,1,1,1
least_fatigued,S5,0,0,0.1373,0.05855,1,0,0,1,1,1,1,0.05855,1,1,1
round_robin,S5,0,0,0,0,1,0,0,0,0.9878,1,0.7412,0,1,1,1
least_busy,S5,0,0,0,0,0.30455,0,0,0.0122,0,1,0.00465,0,0.50365,0.46945,0.394
train_weakest,S5,0,0,0,0,0,0,0,0,0,0,0,0,0,0,0
random,S5,0,0,0,0,1,0,0,0.2588,0.99535,1,0,0,1,1,1
optimal_assignment,S5,0.2089,0.01095,0.8265,0,1,0.94145,0.94145,1,1,1,1,0,1,1,1
a2c_mlp,S5,0,0,0,0,0.2413,0,0,0,0.49635,1,0,0,0,0.2289,0.26205
grpo_mlp,S5,0,0,0,0,0.2396,0,0,0,0.53055,1,0,0,0.7711,0,0.29115
dql_mlp,S5,0,0,0,0,0.23305,0,0,0,0.606,1,0,0,0.73795,0.70885,0
hc_v6,Overall,0,0.9364,0.544,0.66095,1,1,1,1,1,1,1,0.92965,1,1,1
ft_quality,Overall,0.0636,0,0.2019,0.40005,1,1,1,1,1,1,1,0.823,1,1,1
topsis,Overall,0.456,0.7981,0,0.68445,1,1,1,1,1,1,1,0.97595,1,1,1
shortest_processing,Overall,0.33905,0.59995,0.31555,0,1,1,1,1,1,1,1,1,1,1,1
reserve_specialist,Overall,0,0,0,0,0,0.2785,0.2785,0.39365,0.99105,1,0.8914,0,0.95015,0.98835,0.9871
shortest_queue,Overall,0,0,0,0,0.7215,0,0,0.8365,1,1,0.973,0,1,1,0.99975
least_fatigued,Overall,0,0,0,0,0.7215,0,0,0.8365,1,1,0.973,0,1,1,0.99975
round_robin,Overall,0,0,0,0,0.60635,0.1635,0.1635,0,1,1,0.99885,0,0.9941,1,1
least_busy,Overall,0,0,0,0,0.00895,0,0,0,0,1,0.00015,0,0,0.0762,0.03315
train_weakest,Overall,0,0,0,0,0,0,0,0,0,0,0,0,0,0,0
random,Overall,0,0,0,0,0.1086,0.027,0.027,0.00115,0.99985,1,0,0,0.94005,1,1
optimal_assignment,Overall,0.07035,0.177,0.02405,0,1,1,1,1,1,1,1,0,1,1,1
a2c_mlp,Overall,0,0,0,0,0.04985,0,0,0.0059,1,1,0.05995,0,0,0.99925,0.77995
grpo_mlp,Overall,0,0,0,0,0.01165,0,0,0,0.9238,1,0,0,0.00075,0,0.0755
dql_mlp,Overall,0,0,0,0,0.0129,0.00025,0.00025,0,0.96685,1,0,0,0.22005,0.9245,0
