change,scenario,n_rank_changes,max_shift,max_score_change,max_rescale,leader_before,leader_after
displayed_only,S1,0,0,0.51645,0.0210937,least_busy,least_busy
displayed_only,S2,0,0,0.381896,0.0119459,shortest_processing;optimal_assignment,shortest_processing;optimal_assignment
displayed_only,S3,0,0,0.0340588,0.00136421,ft_quality,ft_quality
displayed_only,S4,0,0,0.153586,0.00618141,ft_quality,ft_quality
displayed_only,S5,2,1,0.327762,0.0112728,ft_quality,ft_quality
displayed_only,Overall,0,0,0.280077,0.0210937,hc_v6,hc_v6
drop:a2c_mlp,S1,0,0,0,0,least_busy,least_busy
drop:a2c_mlp,S2,0,0,0,0,shortest_processing;optimal_assignment,shortest_processing;optimal_assignment
drop:a2c_mlp,S3,0,0,0,0,ft_quality,ft_quality
drop:a2c_mlp,S4,0,0,0,0,ft_quality,ft_quality
drop:a2c_mlp,S5,0,0,0,0,ft_quality,ft_quality
drop:a2c_mlp,Overall,0,0,0,0,hc_v6,hc_v6
drop:a2c_mlp_last,S1,0,0,0,0,least_busy,least_busy
drop:a2c_mlp_last,S2,0,0,0,0,shortest_processing;optimal_assignment,shortest_processing;optimal_assignment
drop:a2c_mlp_last,S3,0,0,0,0,ft_quality,ft_quality
drop:a2c_mlp_last,S4,0,0,0,0,ft_quality,ft_quality
drop:a2c_mlp_last,S5,0,0,0,0,ft_quality,ft_quality
drop:a2c_mlp_last,Overall,0,0,0,0,hc_v6,hc_v6
drop:dql_mlp,S1,0,0,0,0,least_busy,least_busy
drop:dql_mlp,S2,0,0,0,0,shortest_processing;optimal_assignment,shortest_processing;optimal_assignment
drop:dql_mlp,S3,0,0,0,0,ft_quality,ft_quality
drop:dql_mlp,S4,0,0,0,0,ft_quality,ft_quality
drop:dql_mlp,S5,0,0,0,0,ft_quality,ft_quality
drop:dql_mlp,Overall,0,0,0,0,hc_v6,hc_v6
drop:dql_mlp_last,S1,0,0,0,0,least_busy,least_busy
drop:dql_mlp_last,S2,0,0,0,0,shortest_processing;optimal_assignment,shortest_processing;optimal_assignment
drop:dql_mlp_last,S3,0,0,0,0,ft_quality,ft_quality
drop:dql_mlp_last,S4,0,0,0,0,ft_quality,ft_quality
drop:dql_mlp_last,S5,0,0,0,0,ft_quality,ft_quality
drop:dql_mlp_last,Overall,0,0,0,0,hc_v6,hc_v6
drop:ft_fatigue,S1,0,0,0,0,least_busy,least_busy
drop:ft_fatigue,S2,0,0,0,0,shortest_processing;optimal_assignment,shortest_processing;optimal_assignment
drop:ft_fatigue,S3,0,0,0,0,ft_quality,ft_quality
drop:ft_fatigue,S4,0,0,0,0,ft_quality,ft_quality
drop:ft_fatigue,S5,0,0,0,0,ft_quality,ft_quality
drop:ft_fatigue,Overall,0,0,0,0,hc_v6,hc_v6
drop:ft_fatigue_last,S1,0,0,0,0,least_busy,least_busy
drop:ft_fatigue_last,S2,0,0,0,0,shortest_processing;optimal_assignment,shortest_processing;optimal_assignment
drop:ft_fatigue_last,S3,0,0,0.0340588,0.00136421,ft_quality,ft_quality
drop:ft_fatigue_last,S4,0,0,0,0,ft_quality,ft_quality
drop:ft_fatigue_last,S5,2,1,0.169634,0.00686183,ft_quality,ft_quality
drop:ft_fatigue_last,Overall,0,0,0.0407226,0.00686183,hc_v6,hc_v6
drop:ft_gini,S1,0,0,0,0,least_busy,least_busy
drop:ft_gini,S2,0,0,0,0,shortest_processing;optimal_assignment,shortest_processing;optimal_assignment
drop:ft_gini,S3,0,0,0,0,ft_quality,ft_quality
drop:ft_gini,S4,0,0,0.0431374,0.00173616,ft_quality,ft_quality
drop:ft_gini,S5,0,0,0,0,ft_quality,ft_quality
drop:ft_gini,Overall,0,0,0.00862749,0.00173616,hc_v6,hc_v6
drop:ft_gini_last,S1,0,0,0,0,least_busy,least_busy
drop:ft_gini_last,S2,0,0,0,0,shortest_processing;optimal_assignment,shortest_processing;optimal_assignment
drop:ft_gini_last,S3,0,0,0,0,ft_quality,ft_quality
drop:ft_gini_last,S4,0,0,0,0,ft_quality,ft_quality
drop:ft_gini_last,S5,0,0,0,0,ft_quality,ft_quality
drop:ft_gini_last,Overall,0,0,0,0,hc_v6,hc_v6
drop:ft_protect,S1,0,0,0.51645,0.0210937,least_busy,least_busy
drop:ft_protect,S2,0,0,0,0,shortest_processing;optimal_assignment,shortest_processing;optimal_assignment
drop:ft_protect,S3,0,0,0,0,ft_quality,ft_quality
drop:ft_protect,S4,0,0,0,0,ft_quality,ft_quality
drop:ft_protect,S5,0,0,0,0,ft_quality,ft_quality
drop:ft_protect,Overall,0,0,0.10329,0.0210937,hc_v6,hc_v6
drop:ft_protect_last,S1,0,0,0,0,least_busy,least_busy
drop:ft_protect_last,S2,0,0,0.280605,0.0101464,shortest_processing;optimal_assignment,shortest_processing;optimal_assignment
drop:ft_protect_last,S3,0,0,0,0,ft_quality,ft_quality
drop:ft_protect_last,S4,0,0,0,0,ft_quality,ft_quality
drop:ft_protect_last,S5,0,0,0,0,ft_quality,ft_quality
drop:ft_protect_last,Overall,0,0,0.056121,0.0101464,hc_v6,hc_v6
drop:ft_quality,S1,0,0,0,0,least_busy,least_busy
drop:ft_quality,S2,0,0,0,0,shortest_processing;optimal_assignment,shortest_processing;optimal_assignment
drop:ft_quality,S3,0,0,0.234711,0.00951662,topsis,topsis
drop:ft_quality,S4,0,0,0,0,hc_v6,hc_v6
drop:ft_quality,S5,0,0,0,0,hc_v6,hc_v6
drop:ft_quality,Overall,0,0,0.0469423,0.00951662,hc_v6,hc_v6
drop:ft_quality_last,S1,0,0,0,0,least_busy,least_busy
drop:ft_quality_last,S2,0,0,0,0,shortest_processing;optimal_assignment,shortest_processing;optimal_assignment
drop:ft_quality_last,S3,0,0,0,0,ft_quality,ft_quality
drop:ft_quality_last,S4,0,0,0,0,ft_quality,ft_quality
drop:ft_quality_last,S5,0,0,0,0,ft_quality,ft_quality
drop:ft_quality_last,Overall,0,0,0,0,hc_v6,hc_v6
drop:grpo_mlp,S1,0,0,0,0,least_busy,least_busy
drop:grpo_mlp,S2,0,0,0,0,shortest_processing;optimal_assignment,shortest_processing;optimal_assignment
drop:grpo_mlp,S3,0,0,0,0,ft_quality,ft_quality
drop:grpo_mlp,S4,0,0,0,0,ft_quality,ft_quality
drop:grpo_mlp,S5,0,0,0,0,ft_quality,ft_quality
drop:grpo_mlp,Overall,0,0,0,0,hc_v6,hc_v6
drop:grpo_mlp_last,S1,0,0,0,0,least_busy,least_busy
drop:grpo_mlp_last,S2,0,0,0,0,shortest_processing;optimal_assignment,shortest_processing;optimal_assignment
drop:grpo_mlp_last,S3,0,0,0,0,ft_quality,ft_quality
drop:grpo_mlp_last,S4,0,0,0,0,ft_quality,ft_quality
drop:grpo_mlp_last,S5,0,0,0,0,ft_quality,ft_quality
drop:grpo_mlp_last,Overall,0,0,0,0,hc_v6,hc_v6
drop:hc_v6,S1,0,0,0,0,least_busy,least_busy
drop:hc_v6,S2,0,0,0,0,shortest_processing;optimal_assignment,shortest_processing;optimal_assignment
drop:hc_v6,S3,0,0,0,0,ft_quality,ft_quality
drop:hc_v6,S4,0,0,0,0,ft_quality,ft_quality
drop:hc_v6,S5,0,0,0,0,ft_quality,ft_quality
drop:hc_v6,Overall,0,0,0,0,topsis,topsis
drop:hc_v6_last,S1,0,0,0,0,least_busy,least_busy
drop:hc_v6_last,S2,0,0,0,0,shortest_processing;optimal_assignment,shortest_processing;optimal_assignment
drop:hc_v6_last,S3,0,0,0,0,ft_quality,ft_quality
drop:hc_v6_last,S4,0,0,0,0,ft_quality,ft_quality
drop:hc_v6_last,S5,0,0,0.0505495,0.00202608,ft_quality,ft_quality
drop:hc_v6_last,Overall,0,0,0.0101099,0.00202608,hc_v6,hc_v6
drop:least_busy,S1,0,0,0,0,grpo_mlp,grpo_mlp
drop:least_busy,S2,0,0,0,0,shortest_processing;optimal_assignment,shortest_processing;optimal_assignment
drop:least_busy,S3,0,0,0,0,ft_quality,ft_quality
drop:least_busy,S4,0,0,0,0,ft_quality,ft_quality
drop:least_busy,S5,0,0,0,0,ft_quality,ft_quality
drop:least_busy,Overall,0,0,0,0,hc_v6,hc_v6
drop:least_fatigued,S1,0,0,0,0,least_busy,least_busy
drop:least_fatigued,S2,0,0,0,0,shortest_processing;optimal_assignment,shortest_processing;optimal_assignment
drop:least_fatigued,S3,0,0,0,0,ft_quality,ft_quality
drop:least_fatigued,S4,0,0,0,0,ft_quality,ft_quality
drop:least_fatigued,S5,0,0,0,0,ft_quality,ft_quality
drop:least_fatigued,Overall,0,0,0,0,hc_v6,hc_v6
drop:optimal_assignment,S1,0,0,0,0,least_busy,least_busy
drop:optimal_assignment,S2,0,0,0,0,shortest_processing,shortest_processing
drop:optimal_assignment,S3,0,0,0.0670425,0.00194357,ft_quality,ft_quality
drop:optimal_assignment,S4,0,0,0,0,ft_quality,ft_quality
drop:optimal_assignment,S5,0,0,0,0,ft_quality,ft_quality
drop:optimal_assignment,Overall,0,0,0.0134085,0.00194357,hc_v6,hc_v6
drop:random,S1,0,0,0,0,least_busy,least_busy
drop:random,S2,0,0,0,0,shortest_processing;optimal_assignment,shortest_processing;optimal_assignment
drop:random,S3,0,0,0,0,ft_quality,ft_quality
drop:random,S4,0,0,0,0,ft_quality,ft_quality
drop:random,S5,0,0,0,0,ft_quality,ft_quality
drop:random,Overall,0,0,0,0,hc_v6,hc_v6
drop:reserve_specialist,S1,0,0,0.00251268,0.000100517,least_busy,least_busy
drop:reserve_specialist,S2,0,0,0,0,shortest_processing;optimal_assignment,shortest_processing;optimal_assignment
drop:reserve_specialist,S3,0,0,0,0,ft_quality,ft_quality
drop:reserve_specialist,S4,0,0,0,0,ft_quality,ft_quality
drop:reserve_specialist,S5,0,0,0,0,ft_quality,ft_quality
drop:reserve_specialist,Overall,0,0,0.000502536,0.000100517,hc_v6,hc_v6
drop:round_robin,S1,0,0,0,0,least_busy,least_busy
drop:round_robin,S2,0,0,0,0,shortest_processing;optimal_assignment,shortest_processing;optimal_assignment
drop:round_robin,S3,0,0,0,0,ft_quality,ft_quality
drop:round_robin,S4,0,0,0,0,ft_quality,ft_quality
drop:round_robin,S5,0,0,0,0,ft_quality,ft_quality
drop:round_robin,Overall,0,0,0,0,hc_v6,hc_v6
drop:shortest_processing,S1,0,0,0,0,least_busy,least_busy
drop:shortest_processing,S2,0,0,0,0,optimal_assignment,optimal_assignment
drop:shortest_processing,S3,0,0,0,0,ft_quality,ft_quality
drop:shortest_processing,S4,0,0,0,0,ft_quality,ft_quality
drop:shortest_processing,S5,0,0,0,0,ft_quality,ft_quality
drop:shortest_processing,Overall,0,0,0,0,hc_v6,hc_v6
drop:shortest_queue,S1,0,0,0,0,least_busy,least_busy
drop:shortest_queue,S2,0,0,0,0,shortest_processing;optimal_assignment,shortest_processing;optimal_assignment
drop:shortest_queue,S3,0,0,0,0,ft_quality,ft_quality
drop:shortest_queue,S4,0,0,0,0,ft_quality,ft_quality
drop:shortest_queue,S5,0,0,0,0,ft_quality,ft_quality
drop:shortest_queue,Overall,0,0,0,0,hc_v6,hc_v6
drop:topsis,S1,0,0,0,0,least_busy,least_busy
drop:topsis,S2,0,0,0,0,shortest_processing;optimal_assignment,shortest_processing;optimal_assignment
drop:topsis,S3,0,0,0.213736,0.00423109,ft_quality,ft_quality
drop:topsis,S4,0,0,1.49809,0.0217557,ft_quality,ft_quality
drop:topsis,S5,0,0,0,0,ft_quality,ft_quality
drop:topsis,Overall,0,0,0.342366,0.0217557,hc_v6,hc_v6
drop:train_weakest,S1,0,0,0,0,least_busy,least_busy
drop:train_weakest,S2,0,0,0,0,shortest_processing;optimal_assignment,shortest_processing;optimal_assignment
drop:train_weakest,S3,0,0,0,0,ft_quality,ft_quality
drop:train_weakest,S4,0,0,0,0,ft_quality,ft_quality
drop:train_weakest,S5,0,0,0,0,ft_quality,ft_quality
drop:train_weakest,Overall,0,0,0,0,hc_v6,hc_v6
add:greedy_reward,S1,0,0,0,0,least_busy,least_busy
add:greedy_reward,S2,0,0,0,0,shortest_processing;optimal_assignment,shortest_processing;optimal_assignment
add:greedy_reward,S3,0,0,1.82536,0.0254959,ft_quality,ft_quality
add:greedy_reward,S4,0,0,0,0,ft_quality,ft_quality
add:greedy_reward,S5,0,0,2.00698,0.029435,ft_quality,ft_quality
add:greedy_reward,Overall,0,0,0.766468,0.029435,hc_v6,hc_v6
